<?xml version="1.0" encoding="UTF-8"?>
<project-private xmlns="http://www.netbeans.org/ns/project-private/1">
    <editor-bookmarks xmlns="http://www.netbeans.org/ns/editor-bookmarks/2" lastBookmarkId="3">
        <file>
            <url>src/it/unina/db2019/AssociareER.java</url>
            <bookmark id="2">
                <name/>
                <line>202</line>
                <key/>
            </bookmark>
            <bookmark id="3">
                <name/>
                <line>203</line>
                <key/>
            </bookmark>
        </file>
        <file>
            <url>src/it/unina/db2019/Entità.java</url>
            <bookmark id="1">
                <name/>
                <line>374</line>
                <key/>
            </bookmark>
        </file>
    </editor-bookmarks>
    <open-files xmlns="http://www.netbeans.org/ns/projectui-open-files/2">
        <group>
            <file>file:/C:/Users/a/Desktop/Progetto%20Basi%20di%20Dati%20N86002568/Java/DB2019/src/it/unina/db2019/Schema.java</file>
            <file>file:/C:/Users/a/Desktop/Progetto%20Basi%20di%20Dati%20N86002568/Java/DB2019/src/it/unina/db2019/AssociareER.java</file>
            <file>file:/C:/Users/a/Desktop/Progetto%20Basi%20di%20Dati%20N86002568/Java/DB2019/src/it/unina/db2019/Ereditarietà.java</file>
            <file>file:/C:/Users/a/Desktop/Progetto%20Basi%20di%20Dati%20N86002568/Java/DB2019/src/it/unina/db2019/Entità.java</file>
            <file>file:/C:/Users/a/Desktop/Progetto%20Basi%20di%20Dati%20N86002568/Java/DB2019/src/it/unina/db2019/Attributo.java</file>
            <file>file:/C:/Users/a/Desktop/Progetto%20Basi%20di%20Dati%20N86002568/Java/DB2019/src/it/unina/db2019/Relazione.java</file>
        </group>
    </open-files>
</project-private>
